Aciagrion
Aciagrion approximans
Aciagrion azureum
"Aciagrion hisopa hisopa (Selys, 1876)"
Aciagrion hisopa krishna
"Aciagrion occidentale Laidlaw, 1919"
Aciagrion olympicum
"Aciagrion pallidum Selys, 1891"
"Aciagrion tillyardi Laidlaw, 1919"
Acisoma
"Acisoma panorpoides panorpoides Rambur, 1842"
Acrogomphus
Acrogomphus fraseri
Acrogomphus mohani
Aeshna
"Aeshna flavifrons Lichtenstein, 1976"
Aeshna juncea mongolica
"Aeshna mixta mixta Latreille, 1805"
Aeshna petalura petalura
Aethriamanta
"Aethriamanta brevipennis (Rambur, 1842)"
Agriocnemis
"Agriocnemis clauseni Fraser, 1922"
Agriocnemis corbeti
Agriocnemis dabreui
"Agriocnemis femina femina (Brauer, 1868)"
Agriocnemis kelarensis
"Agriocnemis lacteola Selys, 1877"
Agriocnemis pieris
"Agriocnemis pygmaea (Rambur, 1842)"
"Agriocnemis pygmaea, female"
"Agriocnemis pygmaea, male"
Agriocnemis splendidissima
Agrionoptera
Agrionoptera insignis dorothea
"Agrionoptera insignis insignis (Rambur, 1842)"
Amphithemis
"Amphithemis curvistyla Selys, 1891"
Amphithemis vacillans
Anaciaeschna
Anaciaeschna donaldi
"Anaciaeschna jaspidea (Burmeister, 1839)"
Anaciaeschna kashimirensis
Anax
Anax guttatus
"Anax guttatus (Burmeister, 1839)"
"Anax immaculifrons Rambur, 1842"
"Anax imperator imperator Leach, 1815"
Anax indicus
"Anax marginope Baijal et al., 1956"
"Anax nigrofasciatus nigrolineatus Fraser, 1935"
"Anax parthenope parthenope (Selys, 1839)"
Anisogomphus
Anisogomphus bivittatus
Anisogomphus caudalis
Anisogomphus occipitalis
Anisogomphus orites
Anisopleura
Anisopleura comes
Anisopleura lestoides
Anisopleura lieftincki
"Anisopleura subplatystyla Fraser, 1927"
Anisopleura vallei
Anormogomphus
Anormogomphus heteropterus
Anormogomphus kiritschenkoi
Anotogaster
Anotogaster basalis basalis
Anotogaster basalis palampurensis
Anotogaster nipalensis
Archibasis
"Archibasis oscillans (Selys, 1877)"
Argiocnemis
Argiocnemis rubescens rubeola Selys 1877
Asiagomphus
Asiagomphus nilgiricus
Asiagomphus odoneli
Asiagomphus personatus
Bayadera
"Bayadera hyalina Selys, 1879"
Bayadera indica
Bayadera kali
Bayadera longicauda
Brachydiplax
"Brachydiplax chalybea chalybea Brauer, 1868"
"Brachydiplax chalybea, female"
"Brachydiplax chalybea, male"
"Brachydiplax farinosa Krüger, 1902"
"Brachydiplax sobrina (Rambur, 1842)"
Brachythemis
"Brachythemis contaminata (Fabricius,1793)"
"Brachythemis contaminata, female"
Bradinopyga
Bradinopyga geminata
"Bradinopyga geminata (Rambur, 1842)"
Bradinopyga saintjohanni
Burmagomphus
Burmagomphus cauvericus
Burmagomphus hasimaricus
Burmagomphus laidlawi
Burmagomphus pyramidalis pyramidalis
Burmagomphus sivalikensis
"Burmagomphus vermicularis (Martin, 1904)"
Burmargiolestes
Burmargiolestes laidlawi
Caconeura
Caconeura gomphoides
Caconeura obscura
Caconeura ramburi
Caconeura risi
Caconeura t-coerulea
Calicnemia
Calicnemia carminea carminea
Calicnemia carminea pyrrhosoma
"Calicnemia eximia (Selys, 1863)"
"Calicnemia imitans Lieftinck, 1948"
"Calicnemia miles (Laidlaw, 1917)"
Calicnemia miniata
Calicnemia mortoni
Calicnemia mukherjeei
Calicnemia pulverulans
Caliphaea
"Caliphaea confusa Hagen in Selys, 1859"
Calocypha
Calocypha laidlawi
Calopterygidae[edit]
Camacinia
"Camacinia gigantea (Brauer, 1867)"
Cephalaeschna
Cephalaeschna acutifrons
Cephalaeschna klapperichi
Cephalaeschna masoni
Cephalaeschna orbifrons
Cephalaeschna viridifrons
Cercion
"Cercion calamorum dyeri (Fraser, 1919)"
Cercion malayanum (Selys. 1876)
Ceriagrion
Ceriagrion azureum (Selys. 1891)
Ceriagrion cerinorubellum
"Ceriagrion cerinorubellum (Brauer, 1865)"
"Ceriagrion coeruleum Laidlaw, 1919"
"Ceriagrion coromandelianum (Fabricius, 1798)"
Ceriagrion coromandelianum (female)
Ceriagrion coromandelianum (male)
"Ceriagrion fallax cerinomelas Lieftinck, 1927"
"Ceriagrion fallax pendleburyi Laidlaw, 1931"
"Ceriagrion olivaceum Laidlaw, 1914"
"Ceriagrion rubiae Laidlaw, 1916"
Chlorocyphidae[edit]
Chlorogomphidae[edit]
Chlorogomphus
"Chlorogomphus atkinsoni (Selys, 1878)"
Chlorogomphus brittoi
Chlorogomphus campioni
Chlorogomphus fraseri'
Chlorogomphus mortoni
Chlorogomphus olympicus
Chlorogomphus preciosus fernandi
Chlorogomphus preciosus preciosus
Chlorogomphus schmidti
Chlorogomphus selysi
"Chlorogomphus usudai Ishida, 1996"
Chlorogomphus xanthoptera
Coeliccia
"Coeliccia bimaculata Laidlaw, 1914"
"Coeliccia didyma didyma (Selys, 1863)"
"Coeliccia didyma loringae Laidlaw, 1932"
"Coeliccia dorothea Fraser, 1933"
Coeliccia fraseri
Coeliccia pracritii
Coeliccia renifera
Coeliccia rossi
Coeliccia sarbottama
Coeliccia schmidti
Coeliccia svihleri
Coeliccia vacca
Coenagrion
Coenagrion kashmirum
Coenagrionidae[edit]
Copera
"Copera ciliata (Selys, 1863)"
"Copera marginipes (Rambur, 1842)"
Copera superplatypes
Copera vittata assamensis
Copera vittata deccanensis
Copera vittata serapica
"Coral-tailed Cloudwing Tholymis tillarga (Fabricius, 1798)"
Cordulegaster
Cordulegaster brevistigma brevistigma
Cordulegaster brevistigma folia
Cordulegaster parvistigma
Cordulegastridae[edit]
Corduliidae[edit]
Crocothemis
"Crocothemis erythraea erythraea (Brullé, 1832)"
Crocothemis misrai
"Crocothemis servilia servilia (Drury, 1770)"
Cyclogomphus
Cyclogomphus heterostylus
Cyclogomphus vesiculosus
Cyclogomphus wilkinsi
Cyclogomphus ypsilon
Davidioides
Davidioides martini
Davidius
Davidius aberrans aberrans
Davidius aberrans senchalensis
Davidius davidii assamensis
Davidius delineatus
Davidius kumaonensis
Davidius malloryi
Davidius zallorensis
Diphlebiidae[edit]
Diplacodes
Diplacodes lefebvrii
"Diplacodes nebulosa (Fabricius, 1793)"
Diplacodes trivialis (male)
"Diplacodes trivialis (Rambur,1842)"
"Diplacodes trivialis, female"
Disparoneura
Disparoneura apicalis
Disparoneura canningi
Disparoneura quadrimaculata
Drepanosticta
Drepanosticta annandalei
Drepanosticta carmichaeli
Drepanosticta polychromatica
Dubitogomphus
Dubitogomphus bidentatus
Dysphaea
"Dysphaea ethela Fraser, 1924"
"Dysphaea gloriosa Fraser, 1938"
Echo
Echo margarita margarita
Echo margarita tripartita
Elattoneura
Elattoneura atkinsoni
Elattoneura campioni cacharensis
Elattoneura campioni campioni
Elattoneura coomansi
Elattoneura nigerrima
Elattoneura souteri
Elattoneura tetrica
Enallagma
"Enallagma cyathigerum cyathigerum (Charpentier, 1840)"
Enallagma immsi
Enallagma insula
"Enallagma parvum Selys, 1876"
Enallagma risi
Epiophlebia
"Epiophlebia laidlawi Tillyard, 1921"
Epiophlebidae[edit]
Epithemis
Epithemis mariae
Epophthalmia
Epophthalmia frontalis binocellata
"Epophthalmia frontalis frontalis Selys, 1871"
Epophthalmia vittata vittata
"Epophthalmia vittigera bellicosa Lieftinck, 1948"
Esme
Esme cyaneovittata
Esme longistyla
Esme mudiensis
Euphaea
Euphaea cardinalis
Euphaea dispar
Euphaea fraseri
"Euphaea masoni Selys, 1879"
Euphaea ochracea brunnea
"Euphaea ochracea ochracea Selys, 1859"
Euphaeidae[edit]
Gomphidae[edit]
Gomphidia
Gomphidia fletcheri
Gomphidia ganeshi
Gomphidia kodaguensis
"Gomphidia kodaguensis, Thattekad"
Gomphidia platyceps
Gomphidia t-nigrum
Gomphidia williamsoni
Gynacantha
Gynacantha albistyla
Gynacantha apicalis
Gynacantha arnaudi
Gynacantha bainbriggei
"Gynacantha bayadera Selys,1854"
Gynacantha biharica
Gynacantha dravida
Gynacantha khasiaca
Gynacantha odoneli
Gynacantha rammohani
Gynacantha rotundata
Gynacanthaeschna
Gynacanthaeschna sikkima
Heliaeschna
"Heliaeschna crassa Krüger, 1899"
"Heliaeschna uninervulata uninervulata Martin, 1909"
Heliogomphus
Heliogomphus kalarensis
Heliogomphus promelas
"Heliogomphus selysi Fraser, 1925"
Heliogomphus spirillus
Hemianax
"Hemianax ephippiger (Burmeister, 1839)"
Hemicordulia
Hemicordulia asiatica
Himalagrion
Himalagrion exclamatione
Himalagrion pithoragarhicum
Hydrobasileus
"Hydrobasileus croceus (Brauer, 1867)"
Hylaeothemis
Hylaeothemis fruhstorferi apicalis
Hylaeothemis gardeneri
Ictinogomphus
Ictinogomphus angulosus
Ictinogomphus atrox
Ictinogomphus kishori
"Ictinogomphus pertinax (Selys,1854)"
"Ictinogomphus rapax (Rambur, 1842)"
Idionyx
Idionyx corona burliyarensis
Idionyx corona corona
Idionyx galeata
Idionyx imbricata
Idionyx intricata
Idionyx minima
Idionyx nadganiensis
Idionyx nilgiriensis
"Idionyx optata Selys, 1878"
Idionyx periyashola
Idionyx rhinoceroides
Idionyx saffronata
Idionyx stevensi
Idionyx travancorensis
Idiophya
Idiophya nilgiriensis
Indocnemis
"Indocnemis orang Föster in Laidlaw, 1907"
Indocypha
"Indocypha vittata (Selys, 1891)"
Indolestes
Indolestes assamicus
Indolestes cyaneus
Indolestes davenporti
Indolestes indicus
Indolestes pulcherrimus
Indolestes tenuissimus
Indothemis
"Indothemis carnatica (Fabricius, 1798)"
"Indothemis carnatica, female"
Indothemis limbata sita
Ischnura
"Ischnura aurora aurora Brauer, 1865"
Ischnura dorothea
"Ischnura elegans elegans (Vander Linden,1820)"
Ischnura forcipata
Ischnura immsi
Ischnura inarmata
Ischnura patricia
Ischnura pumillo
Ischnura rubilio
"Ischnura rufostigma Selys, 1876"
"Ischnura senegalensis (Rambur, 1842)"
Ishneura aurora (male)
Lathrecista
"Lathrecista asiatica asiatica (Fabricius, 1798)"
Lestes
"Lestes barbarus (Fabricius, 1798)"
Lestes concinnus Hagen in Selys. 1862
"Lestes dorothea Fraser, 1924"
Lestes elatus
Lestes garoensis
Lestes malabaricus
Lestes nigriceps
"Lestes nodalis Selys, 1891"
Lestes orientalis
Lestes patricia
"Lestes platystylus Rambur, 1842"
Lestes praemorsus
"Lestes praemorsus decipiens Kirby, 1893"
"Lestes praemorsus praemorsus Hagen in Selys, 1892"
Lestes praemorsus sikkima
"Lestes thoracicus Laidlaw, 1920"
Lestes umbrinus
"Lestes viridulus Rambur, 1842"
Lestidae[edit]
Libellago lineata andamanensis
Libellago lineata blanda
Libellago lineata indica
"Libellago lineata lineata (Burmeister, 1839)"
"Libellago lineata, female"
"Libellago lineata, male"
Libellago'
Libellula
Libellula quadrimaculata gregorievi
Libellulidae[edit]
Lyriothemis
Lyriothemis acigastra
Lyriothemis bivittata
"Lyriothemis tricolor Ris, 1919"
Macrodiplax
"Macrodiplax cora (Brauer,1867)"
Macrogomphus
Macrogomphus abnormis
Macrogomphus annulatus
Macrogomphus montanus
Macrogomphus seductus
Macrogomphus wynaadicus
Macromia
Macromia annaimalaiensis
Macromia bellicosa
Macromia cingulata
"Macromia cupricincta Fraser, 1924"
Macromia ellisoni
Macromia flavicincta
Macromia flavocolorata
Macromia flavovittata
Macromia ida
Macromia indica
Macromia irata
Macromia miniata
"Macromia moorei malayana Laidlaw, 1928"
Macromia moorei moorei
Macromia pallida
Macromia whitei
Macromidia
Macromidia donaldi
Matrona
"Matrona basilaris nigripectus Selys, 1879"
Megalestes
Megalestes irma
"Megalestes kurahashii Asahina, 1985"
Megalestes lieftincki
Megalestes major
Megalestes micans
Megalestes raychoudhurii
Megalogomphus
Megalogomphus bicornutus
Megalogomphus flavicolor
Megalogomphus hannyngtoni
Megalogomphus smithii
Megalogomphus superbus
Megapodagrionidae[edit]
Melanoneura
Melanoneura bilineata
Merogomphus
Merogomphus longistigma longistigma
Merogomphus longistigma tamaracherriensis
Merogomphus martini
Microgomphus
Microgomphus chelifer chelifer
Microgomphus souteri
Microgomphus torquatus
Microgomphus verticalis
Mortonagrion
"Mortonagrion aborense (Laidlaw, 1914)"
Mortonagrion varralli
Nannophya
"Nannophya katrainensis Singh, 1955"
Neallogaster
Neallogaster annandalei
Neallogaster hermionae
Neallogaster latifrons
Neallogaster ornata
Neallogaster schmidti
Nepogomphus
Nepogomphus modestus
Nepogomphus walli (Fraser. 1924)
Nesoxenia
Nesoxenia lineata
Neurobasis
"Neurobasis chinensis chinensis (Linnaeus, 1758)"
Neurothemis
"Neurothemis fluctuans (Fabricius, 1793)"
"Neurothemis fulvia (Drury, 1773)"
"Neurothemis fulvia, male"
"Neurothemis intermedia atalanta Ris, 1919"
"Neurothemis intermedia degener Selys, 1879"
"Neurothemis intermedia intermedia (Rambur, 1842)"
Neurothemis tullia
"Neurothemis tullia tullia (Drury, 1773)"
Nihonogomphus
Nihonogomphus indicus
Oligoaeschna
Oligoaeschna andamani
Oligoaeschna khasiana
Oligoaeschna martini
Onychargia
"Onychargia atrocyana (Selys, 1865)"
Onychogomphus
Onychogomphus acinaces
Onychogomphus biforceps
Onychogomphus bistrigatus
Onychogomphus cacharicus
"Onychogomphus dingavani Fraser, 1924"
"Onychogomphus duaricus Fraser, 1924"
Onychogomphus grammicus
Onychogomphus maculivertex
Onychogomphus malabarensis
Onychogomphus meghalayanus
Onychogomphus nilgiriensis annaimallaicus
Onychogomphus nilgiriensis nilgiriensis
Onychogomphus risi
Onychogomphus saundersii
Onychogomphus schmidti
Onychogomphus striatus
Onychogomphus thienemanni
Onychothemis
Onychothemis testacea ceylanica
Ophiogomphus
Ophiogomphus cerastis
"Ophiogomphus reductus Calvert, 1898"
Orolestes
Orolestes durga
Orolestes motis
"Orolestes selysi McLachlan, 1895"
Orthetrum
"Orthetrum anceps (Schneider, 1845)"
Orthetrum brunneum brunneum
"Orthetrum cancellatum cancellatum (Linnaeus, 1758)"
Orthetrum cancellatum kraepelini
Orthetrum chandrabali
"Orthetrum chrysis (Selys, 1891)"
Orthetrum ganeshii
Orthetrum garhwalicum
"Orthetrum glaucum (Brauer, 1865)"
Orthetrum guptai
"Orthetrum japonicum internum McLachlan, 1894"
"Orthetrum luzonicum (Brauer, 1868)"
"Orthetrum luzonicum, female"
Orthetrum martensi
"Orthetrum pruinosum neglectum (Rambur, 1842)"
Orthetrum sabina
"Orthetrum sabina sabina (Drury, 1770)"
"Orthetrum sabina, male"
Orthetrum taeniolatum
"Orthetrum triangulare triangulare (Selys, 1878)"
Palpopleura
Palpopleura sexmaculata octomaculata
"Palpopleura sexmaculata sexmaculata (Fabricius, 1787)"
Pantala
"Pantala flavescens (Fabricius, 1798)"
Paragomphus
Paragomphus echinocipitalis
Paragomphus lindgreni
Paragomphus lineatus
"Paragomphus lineatus, female"
"Paragomphus lineatus, male"
Periaeschna
Periaeschna flinti assamensis
Periaeschna lebasi
"Periaeschna magdalena Martin, 1909"
"Periaeschna nocturnalis Fraser, 1927"
Periaeschna unifasciata
Perissogomphus
Perissogomphus stevensi
Petaliaeschna
Petaliaeschna flecheri
Phaenandrogomphus
Phaenandrogomphus aureus
Philoganga
"Philoganga montana (Hagen in Selys, 1859)"
Phylloneura
Phylloneura westermanni
Planaeschna
"Planaeschna intersedens (Martin, 1909)"
Platycnemididae[edit]
Platycnemis
"Platycnemis dealbata (Geoffroy in Selys and Hagen, 1850)"
Platygomphus
Platygomphus dolabratus
Platysticta
Platysticta deccanensis
Platystictidae[edit]
Polycanthagyna
"Polycanthagyna erythromelas (McLachlan, 1896)"
"Polycanthagyna ornithocephala (McLachlan, 1896)"
Potamarcha
"Potamarcha congener (Rambur, 1842)"
"Potamarcha congener, male"
Prodasineura
"Prodasineura autumnalis (Fraser, 1922)"
"Prodasineura odoneli (Fraser, 1924)"
"Prodasineura verticalis andamanensis (Fraser, 1924)"
"Prodasineura verticalis annandalei (Fraser, 1921)"
Protoneuridae[edit]
Protosticta
Protosticta antelopoides
Protosticta davenporti
Protosticta fraseri
Protosticta gravelyi
Protosticta hearseyi
Protosticta himalaica
Protosticta mortoni
Protosticta rufostigma
Protosticta sanguinostigma
Pseudagrion
"Pseudagrion andamanicum Fraser, 1924"
"Pseudagrion australasiae Selys, 1876"
"Pseudagrion decorum (Rambur, 1842)"
"Pseudagrion hypermelas Selys, 1876"
"Pseudagrion indicum Fraser, 1924"
"Pseudagrion laidlawi Fraser, 1922"
"Pseudagrion malabaricum Fraser, 1924"
Pseudagrion microcepahlum
"Pseudagrion microcephalum (Rambur, 1842)"
"Pseudagrion pruinosum pruinosum (Burmeister, 1839)"
"Pseudagrion rubriceps rubriceps Selys, 1876"
"Pseudagrion spencei Fraser, 1922"
Pseudotramea
"Pseudotramea prateri Fraser, 1920"
Pyrrhosoma
Pyrrhosoma nymphula elisabethae
Rhinocypha
Rhinocypha bifasciata
Rhinocypha biforata abbreviata
"Rhinocypha biforata biforata Selys, 1859"
Rhinocypha bisignata
Rhinocypha cuneata
Rhinocypha ignipennis
Rhinocypha immaculata
Rhinocypha perforata beatifica
"Rhinocypha perforata limbata Selys, 1879"
Rhinocypha quadrimaculata
Rhinocypha spuria
Rhinocypha trifasciata
Rhinocypha trimaculata
Rhinocypha unimaculata
Rhinocypha vitrinella
Rhodischnura
Rhodischnura nursei
Rhodothemis
"Rhodothemis rufa (Rambur, 1842)"
Rhyothemis
"Rhyothemis obsolescens Kirby, 1889"
"Rhyothemis plutonia Selys, 1883"
"Rhyothemis triangularis Kirby, 1889"
Rhyothemis variegata
"Rhyothemis variegata variegata (Linnaeus, 1763)"
Schmidtiphaea
"Schmidtiphaea schmidi Asahina, 1978"
Selysiothemis
"Selysiothemis nigra (Van derLinden, 1825)"
Somatochlora
"Somatochlora daviesi Lieftinck, 1977"
Stylogomphus
"Stylogomphus inglisi Fraser, 1922"
Sympecma
Sympecma annulata annulata
Sympecma kashmirensis
Sympetrum
"Sympetrum commixtum (Selys, 1884)"
"Sympetrum durum Bartenef, 1916"
"Sympetrum fonscolombii (Selys, 1840)"
"Sympetrum haematoneura Fraser, 1924"
"Sympetrum himalayanum Navas, 1934"
"Sympetrum hypomelas (Selys, 1884)"
"Sympetrum meridionale (Selys, 1841)"
"Sympetrum orientale (Selys, 1883)"
"Sympetrum vulgatum flavum (Bartenef, 1915)"
Synlestidae[edit]
Tetracanthagyna
"Tetracanthagyna waterhousei McLachlan, 1898"
Tetrathemis
"Tetrathemis platyptera Selys, 1878"
"Tetrathemis platyptera, male"
Tholymis
Tholymis tillarga
Tramea
"Tramea basilaris burmeisteri Kirby,1889"
Tramea eurybia eurybia
Tramea limbata similata
Tramea stylata
"Tramea virginia (Rambur, 1842)"
Trithemis
"Trithemis aurora (Burmeister, 1839)"
"Trithemis aurora, male"
Trithemis festiva
"Trithemis festiva (Rambur, 1842)"
"Trithemis kirbyi kirbyi (Selys, 1891)"
"Trithemis pallidinervis (Kirby, 1889)"
"Trithemis pallidinervis, female"
Urothemis
"Urothemis signata signata (Rambur, 1842)"
"Urothemis signata, female"
Vestalis
"Vestalis apicalis apicalis Selys, 1873"
"Vestalis apicalis submontana Fraser, 1934"
"Vestalis gracilis gracilis (Rambur, 1842)"
"Vestalis gracilis montana Fraser, 1934"
"Vestalis smaragdina smaragdina Selys, 1879"
Zygonyx
Zygonyx iris intermedia
Zygonyx iris iris
Zygonyx iris malabarica
Zygonyx iris metallica
Zygonyx torrida isis
Zyxomma
"Zyxomma petiolatum Rambur, 1842"